Planta Energética,Tipo de Energía,Producción (MW),Región,Temperatura (°C),Luz Solar (Horas),Velocidad del Viento (m/s),Humedad (%),Costo de Producción ($/MW),Año de Instalación,Supervivencia (Rentable en 10 años)
SolarFlow,Hidráulica,379.0,Norte,15.6,5.8,17.0,59.7,3204.0,2010.0,0.0
SunWave,,834.0,Oeste,33.4,5.9,,42.7,,2020.0,0.0
EcoWind,Solar,557.0,Norte,20.5,13.9,11.7,,869.0,2010.0,1.0
SolarFlow,Hidráulica,901.0,Este,11.7,6.9,23.1,,2318.0,2005.0,1.0
,,118.0,Norte,,,14.7,24.3,,,1.0
VientoVerde,Hidráulica,595.0,Oeste,36.5,,6.5,79.9,1189.0,2010.0,1.0
EcoWind,Eólica,,Norte,37.8,8.5,18.3,45.4,,2015.0,0.0
EcoWind,Solar,102.0,Sur,,5.7,20.5,20.0,2279.0,,1.0
SolarFlow,Eólica,499.0,Este,15.2,10.2,10.0,60.9,1864.0,2020.0,1.0
WindStream,Hidráulica,254.0,Este,21.9,,21.9,23.7,3698.0,2015.0,1.0
HydroFlux,,175.0,Este,32.7,13.0,22.9,42.1,1932.0,2005.0,1.0
SolarFlow,,796.0,Oeste,30.9,7.3,9.1,76.6,866.0,2015.0,
HydroFlux,Hidráulica,92.0,Este,14.6,10.4,24.6,25.0,3842.0,2020.0,0.0
HydroFlux,Eólica,801.0,Sur,34.5,13.8,6.1,87.1,1143.0,2005.0,1.0
VientoVerde,Eólica,932.0,Oeste,16.7,11.5,,20.3,2926.0,,0.0
EcoWind,Hidráulica,160.0,Sur,16.7,10.3,7.1,39.7,572.0,2010.0,0.0
SunWave,Eólica,810.0,Norte,26.1,8.2,22.7,79.3,3462.0,2010.0,0.0
VientoVerde,Hidráulica,712.0,Norte,27.8,8.3,17.4,45.3,1771.0,2020.0,0.0
VientoVerde,Eólica,232.0,Norte,,11.7,6.3,,1359.0,2015.0,1.0
HydroFlux,Hidráulica,897.0,Norte,12.7,14.9,12.7,48.8,542.0,2005.0,1.0
,Hidráulica,144.0,Sur,36.3,11.6,16.5,41.6,2924.0,2010.0,1.0
EcoWind,Eólica,423.0,Oeste,18.0,10.6,4.8,87.4,1564.0,2005.0,1.0
WindStream,Eólica,961.0,Oeste,,12.3,22.4,45.1,2717.0,2020.0,1.0
VientoVerde,Eólica,569.0,Este,36.7,9.7,20.7,83.1,2759.0,2010.0,0.0
SunWave,Solar,949.0,Sur,38.7,5.6,14.1,91.3,2016.0,2020.0,0.0
AquaPower,Solar,409.0,Norte,35.9,10.6,,54.7,2586.0,2015.0,
AquaPower,Solar,949.0,Sur,,14.6,12.2,,868.0,2020.0,1.0
WindStream,Hidráulica,,Este,29.7,6.8,24.7,50.2,3304.0,2020.0,1.0
VientoVerde,Eólica,,Este,26.5,11.9,17.7,97.1,,2015.0,0.0
SunWave,Hidráulica,244.0,Sur,12.6,7.0,17.0,27.1,1634.0,2005.0,0.0
EcoWind,,913.0,,22.3,10.4,6.7,75.0,2003.0,2015.0,1.0
Solaris,Eólica,244.0,Sur,21.2,6.0,22.4,,1959.0,2015.0,0.0
SunWave,Hidráulica,716.0,Oeste,17.8,9.5,12.4,51.0,1570.0,2020.0,0.0
,Eólica,142.0,Norte,,12.6,6.6,70.6,1523.0,2005.0,
AquaPower,Hidráulica,721.0,Sur,24.9,8.5,3.3,76.3,2098.0,2010.0,0.0
,Eólica,995.0,Sur,12.4,11.6,15.3,20.3,3284.0,,1.0
,Solar,110.0,Sur,16.6,13.0,14.6,33.4,2540.0,2005.0,0.0
Solaris,Solar,683.0,Este,30.5,14.3,18.8,,1889.0,2015.0,0.0
Solaris,Eólica,100.0,Este,12.3,7.3,22.6,73.3,568.0,2015.0,0.0
,Hidráulica,452.0,Oeste,,9.0,4.7,,2846.0,,1.0
,Solar,838.0,Norte,24.9,6.5,19.1,80.9,1443.0,2015.0,0.0
SolarFlow,Solar,54.0,Oeste,24.4,14.9,7.1,96.1,1301.0,2020.0,1.0
WindStream,Solar,515.0,Norte,27.8,14.3,21.9,76.2,2843.0,2005.0,0.0
VientoVerde,,653.0,Este,34.7,10.4,21.0,,2750.0,2005.0,1.0
SunWave,Eólica,731.0,Este,20.4,13.4,14.9,28.4,560.0,2005.0,0.0
SunWave,,878.0,Este,30.3,10.2,18.6,82.5,1445.0,2015.0,1.0
VientoVerde,Hidráulica,583.0,Oeste,27.0,11.2,9.9,,3510.0,2020.0,1.0
SolarFlow,Hidráulica,454.0,Sur,18.0,5.9,13.4,23.9,1837.0,2015.0,1.0
,Eólica,887.0,Sur,36.4,12.6,21.1,48.8,1684.0,2015.0,0.0
AquaPower,Eólica,562.0,Este,,6.3,13.1,96.5,830.0,2005.0,0.0
SolarFlow,Hidráulica,694.0,Sur,29.8,13.3,10.9,60.0,2051.0,2015.0,0.0
AquaPower,Hidráulica,282.0,Sur,35.5,12.8,13.9,54.6,837.0,2010.0,1.0
HydroFlux,,573.0,Oeste,36.0,12.1,21.2,56.6,2129.0,2015.0,1.0
SunWave,Hidráulica,395.0,Norte,31.3,5.4,10.4,36.7,1827.0,2010.0,1.0
SolarFlow,Solar,95.0,Este,,8.0,6.8,,2026.0,2015.0,0.0
SunWave,Eólica,595.0,Este,30.9,7.6,18.7,49.6,2173.0,2020.0,0.0
VientoVerde,Hidráulica,994.0,Oeste,30.4,8.6,21.2,24.2,1861.0,2020.0,0.0
Solaris,Eólica,127.0,Oeste,28.6,5.9,5.2,81.4,2073.0,2005.0,
HydroFlux,Solar,779.0,Sur,32.6,14.4,8.3,53.3,3186.0,2015.0,1.0
EcoWind,Eólica,,Este,,10.5,6.1,85.8,,2010.0,1.0
,Eólica,972.0,Norte,,8.1,10.7,88.0,1687.0,2010.0,0.0
SolarFlow,Eólica,122.0,Oeste,36.2,,12.9,37.0,2866.0,2015.0,1.0
EcoWind,Eólica,843.0,Norte,,9.5,19.5,,3136.0,2010.0,1.0
Solaris,Solar,298.0,,34.8,11.0,17.3,57.8,3051.0,2020.0,0.0
SolarFlow,Eólica,96.0,Este,13.9,,16.7,90.4,2934.0,2010.0,1.0
WindStream,Eólica,170.0,Este,20.1,14.2,,37.3,2493.0,,1.0
SunWave,Hidráulica,263.0,Oeste,32.3,10.0,21.5,,1369.0,2020.0,1.0
Solaris,Eólica,288.0,Este,14.8,,13.4,,3380.0,2020.0,1.0
SunWave,Hidráulica,105.0,Este,34.5,13.5,24.5,43.6,1514.0,2020.0,0.0
AquaPower,Solar,399.0,Este,35.0,7.1,17.0,30.9,2411.0,2015.0,0.0
WindStream,Solar,156.0,Norte,,14.3,5.8,72.1,1102.0,2015.0,1.0
WindStream,Solar,880.0,Oeste,10.2,6.2,,79.1,2299.0,2020.0,0.0
Solaris,Solar,97.0,Sur,18.6,13.2,10.2,45.3,1190.0,2015.0,1.0
WindStream,Hidráulica,622.0,Norte,28.5,8.8,18.1,,993.0,2010.0,1.0
EcoWind,Eólica,386.0,Este,39.4,13.8,4.5,51.6,989.0,2015.0,1.0
WindStream,Solar,75.0,Norte,29.0,13.7,6.8,,3268.0,2015.0,1.0
SunWave,Eólica,,Este,17.8,13.1,21.8,35.9,3644.0,2020.0,0.0
SunWave,Hidráulica,306.0,Este,29.0,,8.0,,3056.0,2005.0,0.0
SolarFlow,Hidráulica,57.0,Norte,26.2,8.0,21.4,43.0,889.0,2005.0,0.0
SunWave,Hidráulica,674.0,Oeste,33.4,5.8,9.1,49.4,,2005.0,1.0
SolarFlow,Solar,916.0,Este,13.2,9.0,17.1,24.6,1892.0,2010.0,0.0
SunWave,Eólica,302.0,Oeste,32.8,6.7,,28.9,3343.0,2015.0,0.0
EcoWind,Eólica,741.0,Sur,26.2,11.9,14.3,,3412.0,2005.0,1.0
VientoVerde,Eólica,768.0,Este,38.9,8.5,9.7,41.4,2217.0,2020.0,1.0
SolarFlow,Hidráulica,352.0,Oeste,20.3,14.8,7.7,86.8,3096.0,2005.0,
HydroFlux,Solar,688.0,Oeste,,11.4,3.7,21.2,1148.0,2005.0,0.0
AquaPower,Hidráulica,105.0,Sur,38.0,13.2,9.7,50.3,2373.0,2015.0,1.0
Solaris,Hidráulica,775.0,Oeste,,6.3,,47.0,1067.0,2015.0,
SunWave,Eólica,575.0,Oeste,38.1,13.6,23.6,21.5,3758.0,2015.0,0.0
WindStream,Hidráulica,523.0,Sur,30.6,14.2,22.2,,3400.0,2010.0,0.0
,Eólica,77.0,Este,12.0,9.9,19.9,53.1,3317.0,2010.0,1.0
SunWave,Solar,127.0,Oeste,19.0,11.1,20.3,59.4,944.0,,0.0
WindStream,Eólica,265.0,Oeste,31.2,12.6,17.6,52.3,862.0,,
AquaPower,Solar,435.0,Oeste,12.0,6.7,8.7,62.5,2670.0,2005.0,1.0
AquaPower,Eólica,414.0,Norte,27.5,,23.0,67.6,1711.0,2020.0,1.0
AquaPower,Hidráulica,715.0,Sur,,,17.8,20.8,1241.0,2020.0,0.0
WindStream,Hidráulica,575.0,Norte,28.6,6.5,15.3,,2541.0,2015.0,1.0
SunWave,Solar,748.0,Sur,11.4,8.7,5.4,97.1,1179.0,2015.0,1.0
AquaPower,Solar,,Este,36.1,5.7,12.8,61.5,2967.0,2020.0,1.0
,Solar,932.0,Este,39.2,5.3,13.1,74.2,3823.0,2015.0,1.0
SolarFlow,Eólica,56.0,Oeste,39.1,6.4,22.0,44.9,2142.0,,1.0
WindStream,,,Sur,32.5,,15.0,,2072.0,2010.0,1.0
WindStream,Solar,672.0,Este,13.9,10.5,11.4,81.8,1858.0,2015.0,1.0
SunWave,Hidráulica,,Sur,,14.7,24.5,61.7,2639.0,2020.0,1.0
,Eólica,799.0,Este,10.7,9.3,5.4,98.1,562.0,2005.0,
WindStream,Eólica,412.0,Norte,10.7,8.1,12.3,30.0,3059.0,2015.0,0.0
,Eólica,800.0,Este,19.7,10.1,3.9,21.4,1662.0,2015.0,0.0
SunWave,,557.0,Norte,24.7,9.4,19.3,,3756.0,2005.0,1.0
AquaPower,Solar,323.0,Este,33.1,6.1,23.2,84.6,1728.0,2015.0,1.0
SolarFlow,Solar,555.0,Oeste,,11.4,9.2,29.6,3319.0,2005.0,1.0
VientoVerde,Solar,,Norte,23.4,,21.9,41.2,3785.0,2020.0,1.0
SolarFlow,Solar,788.0,Este,18.2,11.2,9.4,21.4,755.0,2010.0,1.0
VientoVerde,Hidráulica,932.0,Oeste,,11.5,23.0,43.5,634.0,2020.0,
,,64.0,Norte,22.8,,19.6,,1374.0,2010.0,0.0
SolarFlow,Solar,241.0,Oeste,23.5,5.6,20.7,61.4,1321.0,2005.0,1.0
SunWave,Eólica,680.0,Sur,14.9,12.8,3.4,47.8,2635.0,2010.0,0.0
Solaris,Solar,534.0,Sur,33.8,9.6,24.2,,3535.0,2020.0,0.0
AquaPower,,77.0,Norte,,,19.0,20.1,3778.0,2010.0,0.0
VientoVerde,Hidráulica,763.0,Este,16.6,,9.7,44.0,3700.0,2005.0,0.0
,Eólica,88.0,Norte,12.5,5.6,21.2,71.7,,,1.0
VientoVerde,Hidráulica,322.0,Oeste,30.4,12.0,9.2,97.9,,,1.0
EcoWind,Solar,280.0,Este,,14.8,22.2,87.8,1473.0,2020.0,0.0
WindStream,Eólica,135.0,Sur,18.2,7.4,5.5,,,2015.0,1.0
SolarFlow,Solar,523.0,Este,,6.4,18.5,91.9,2277.0,2005.0,1.0
,Solar,175.0,Sur,14.5,6.2,14.9,82.7,620.0,2010.0,0.0
VientoVerde,Eólica,861.0,Este,23.0,,5.1,82.4,3956.0,2015.0,
WindStream,Solar,586.0,Este,38.3,6.0,8.3,56.6,,2015.0,0.0
Solaris,Hidráulica,194.0,Este,22.6,11.9,3.3,51.8,3609.0,2010.0,1.0
SunWave,Solar,574.0,Oeste,29.2,5.6,13.3,44.2,1864.0,2010.0,1.0
SunWave,Eólica,261.0,Oeste,21.9,10.1,9.6,25.3,1507.0,2020.0,0.0
SunWave,Eólica,74.0,Norte,,15.0,,,1424.0,2015.0,0.0
EcoWind,Eólica,629.0,Norte,39.5,13.1,9.5,39.7,1144.0,2015.0,1.0
Solaris,Solar,443.0,Sur,22.3,11.2,9.6,58.7,2532.0,2005.0,1.0
EcoWind,Eólica,116.0,Oeste,,8.1,,79.8,,2020.0,0.0
SolarFlow,Eólica,282.0,Sur,16.9,11.2,4.1,57.9,3407.0,2005.0,1.0
EcoWind,Solar,158.0,Norte,16.4,10.3,22.9,,2568.0,2015.0,1.0
Solaris,Hidráulica,195.0,Sur,,9.3,21.7,96.6,,2005.0,1.0
Solaris,Solar,160.0,Norte,29.6,6.3,17.7,95.4,3002.0,2015.0,1.0
SolarFlow,Eólica,277.0,Oeste,,13.9,16.1,82.8,3510.0,2015.0,1.0
Solaris,,160.0,Este,35.9,9.5,22.6,,3168.0,,1.0
VientoVerde,Solar,519.0,Oeste,24.2,6.9,7.1,63.6,2850.0,2005.0,1.0
Solaris,Hidráulica,83.0,Sur,39.0,8.7,,,2119.0,2010.0,0.0
,Eólica,672.0,Sur,15.6,9.1,8.3,26.0,1302.0,2010.0,0.0
VientoVerde,Eólica,825.0,Oeste,36.1,13.3,20.5,49.3,1463.0,2010.0,0.0
VientoVerde,Eólica,985.0,Oeste,,12.3,3.8,38.0,,2015.0,1.0
SolarFlow,Solar,,Norte,33.1,12.7,15.8,35.7,1652.0,2005.0,1.0
HydroFlux,,797.0,Sur,35.3,5.1,24.9,,695.0,2020.0,0.0
HydroFlux,Hidráulica,644.0,Sur,32.8,9.2,21.8,69.8,2687.0,2015.0,
Solaris,,603.0,,28.8,9.8,,82.5,2830.0,2020.0,1.0
VientoVerde,Eólica,474.0,Este,13.9,5.2,4.4,66.3,2859.0,2005.0,0.0
,Hidráulica,662.0,Sur,11.0,7.6,21.3,31.8,1245.0,2015.0,1.0
HydroFlux,Eólica,567.0,Este,,12.6,16.2,84.9,2188.0,2020.0,
Solaris,Solar,,Oeste,28.5,6.4,5.5,70.9,776.0,2020.0,0.0
HydroFlux,Solar,331.0,Oeste,33.9,10.4,5.1,51.1,,2010.0,1.0
EcoWind,Solar,369.0,Norte,24.4,,23.0,73.9,3890.0,2010.0,
WindStream,,787.0,Sur,13.5,,17.7,40.8,2413.0,2010.0,0.0
SolarFlow,Eólica,492.0,Este,13.8,,21.2,47.6,2599.0,2015.0,1.0
WindStream,,364.0,Norte,,14.8,22.3,93.4,2700.0,2005.0,1.0
Solaris,Hidráulica,926.0,Sur,22.9,13.0,15.6,43.2,,2005.0,0.0
SunWave,Eólica,790.0,Norte,16.0,14.6,,,1834.0,2010.0,0.0
SolarFlow,Hidráulica,426.0,Oeste,24.7,9.9,12.5,91.2,2337.0,2010.0,1.0
,,338.0,,,6.1,10.0,76.6,3091.0,2010.0,0.0
VientoVerde,Solar,486.0,Norte,27.5,,12.6,25.0,1066.0,,1.0
SunWave,Solar,,Norte,18.1,9.5,20.0,31.8,3960.0,2010.0,1.0
WindStream,Hidráulica,326.0,Este,33.9,13.4,,20.6,2071.0,2020.0,1.0
Solaris,Hidráulica,759.0,Norte,19.3,6.0,22.6,,,2005.0,0.0
VientoVerde,Solar,631.0,Sur,,9.9,12.8,55.8,2525.0,2015.0,1.0
SolarFlow,Hidráulica,552.0,Sur,10.3,6.5,16.4,30.7,1700.0,2015.0,1.0
SolarFlow,Solar,673.0,Este,12.2,8.2,16.9,,3933.0,2015.0,0.0
AquaPower,Solar,565.0,Sur,21.8,12.4,16.0,62.4,813.0,2015.0,0.0
VientoVerde,,399.0,Oeste,24.4,9.8,18.5,,3354.0,2020.0,0.0
EcoWind,Hidráulica,892.0,Sur,,8.8,8.2,60.0,3395.0,2020.0,1.0
HydroFlux,Solar,495.0,Sur,,8.9,14.3,,2644.0,2010.0,1.0
SunWave,Solar,879.0,Norte,30.8,9.6,5.3,,3428.0,,0.0
VientoVerde,Hidráulica,399.0,Norte,35.8,12.9,11.5,,1736.0,2010.0,1.0
AquaPower,Eólica,656.0,Sur,33.4,13.9,13.7,84.6,3376.0,2010.0,0.0
HydroFlux,Eólica,713.0,Este,11.2,14.6,17.3,56.8,636.0,2015.0,1.0
HydroFlux,Solar,872.0,Norte,24.4,12.9,23.9,63.7,1529.0,2020.0,0.0
Solaris,Hidráulica,,Este,13.1,,16.2,54.6,3558.0,,1.0
HydroFlux,,808.0,Sur,17.3,11.9,19.4,23.5,2656.0,2010.0,1.0
EcoWind,Hidráulica,948.0,Sur,39.6,9.4,14.1,33.3,3094.0,2010.0,1.0
SolarFlow,Hidráulica,292.0,Oeste,14.3,7.5,,55.6,3610.0,2005.0,0.0
AquaPower,Solar,592.0,Norte,25.0,13.4,4.6,36.7,1161.0,2005.0,0.0
,Eólica,89.0,Sur,,5.4,8.6,24.0,2972.0,2010.0,1.0
Solaris,Solar,278.0,Oeste,31.1,14.0,11.0,87.5,3177.0,2005.0,0.0
EcoWind,Eólica,597.0,Norte,26.8,9.6,13.4,98.5,2808.0,2005.0,0.0
WindStream,Eólica,969.0,Sur,10.3,11.4,4.0,83.5,3997.0,2010.0,0.0
SolarFlow,Eólica,,Sur,19.8,11.6,6.1,88.3,586.0,2010.0,1.0
SolarFlow,Eólica,55.0,Norte,25.5,14.0,9.1,39.4,,2020.0,1.0
AquaPower,Eólica,371.0,Norte,,11.4,24.4,,2623.0,2010.0,1.0
SolarFlow,Hidráulica,517.0,Norte,20.5,,10.3,35.8,3018.0,2010.0,0.0
,Solar,781.0,,11.0,5.7,13.6,96.1,2961.0,2015.0,0.0
Solaris,Hidráulica,124.0,Sur,12.4,10.2,7.3,99.6,3372.0,2020.0,1.0
SolarFlow,Eólica,53.0,Oeste,21.9,6.5,16.4,76.9,3442.0,2020.0,1.0
SolarFlow,Solar,896.0,Este,14.0,12.4,9.2,98.5,,2020.0,0.0
WindStream,Eólica,695.0,Norte,,10.1,7.6,65.6,3004.0,2015.0,1.0
WindStream,Solar,167.0,Sur,,11.8,14.4,40.8,1808.0,2010.0,0.0
SunWave,,930.0,Sur,,5.4,3.1,55.0,3810.0,2020.0,
EcoWind,Solar,655.0,Norte,16.0,,3.2,67.5,2200.0,2020.0,0.0
HydroFlux,Solar,553.0,Este,15.0,12.2,7.8,,3200.0,2005.0,1.0
SolarFlow,,996.0,Norte,,5.7,3.8,69.8,3219.0,2020.0,1.0
VientoVerde,Solar,623.0,Este,,,5.4,98.5,3943.0,2010.0,1.0
SolarFlow,,490.0,Sur,31.2,5.1,10.5,35.2,994.0,2010.0,
Solaris,Eólica,243.0,Este,10.9,14.6,20.7,83.4,,2005.0,1.0
SunWave,Solar,896.0,Oeste,38.1,12.4,15.6,92.6,2442.0,2020.0,1.0
EcoWind,Solar,764.0,Sur,,,14.3,95.5,1568.0,2020.0,0.0
VientoVerde,Hidráulica,441.0,Oeste,26.2,8.0,9.5,96.8,1924.0,2020.0,1.0
SunWave,Solar,75.0,Norte,31.3,8.5,23.5,61.7,,2015.0,1.0
AquaPower,Hidráulica,484.0,Norte,36.1,12.7,11.7,98.2,1096.0,,1.0
EcoWind,Eólica,222.0,Norte,31.4,11.6,4.9,,949.0,2010.0,1.0
SolarFlow,Solar,349.0,Este,34.1,6.9,16.6,32.9,984.0,2010.0,0.0
SolarFlow,Hidráulica,694.0,Sur,20.2,6.7,5.5,58.2,1145.0,2015.0,1.0
EcoWind,Hidráulica,,Norte,34.4,6.0,10.6,77.5,3167.0,2015.0,0.0
SolarFlow,Eólica,,Norte,12.4,11.6,,39.8,3589.0,2020.0,1.0
HydroFlux,Solar,167.0,Sur,36.8,12.6,22.2,,,2005.0,1.0
EcoWind,Solar,885.0,Norte,26.4,7.7,13.9,73.3,1161.0,2015.0,1.0
SunWave,Hidráulica,836.0,,34.5,5.2,18.4,33.0,1257.0,2015.0,0.0
EcoWind,Solar,773.0,Sur,23.6,5.8,24.8,65.2,788.0,2020.0,0.0
VientoVerde,Hidráulica,274.0,Sur,,14.7,5.9,,3985.0,2020.0,1.0
SolarFlow,Solar,581.0,Sur,25.8,8.0,9.0,59.9,1220.0,2015.0,1.0
HydroFlux,Hidráulica,162.0,Oeste,31.9,12.7,11.7,21.0,,2005.0,1.0
HydroFlux,Solar,189.0,Sur,12.4,11.2,12.3,20.7,2782.0,2015.0,1.0
,Eólica,608.0,Oeste,11.8,8.8,12.0,,2963.0,,1.0
SunWave,Solar,50.0,,17.4,7.1,23.0,94.1,3485.0,2020.0,0.0
,Solar,139.0,Este,14.8,6.2,18.7,38.3,998.0,2015.0,0.0
WindStream,Eólica,703.0,Norte,36.2,11.2,16.4,70.7,3521.0,2005.0,0.0
EcoWind,Solar,369.0,Este,16.6,12.7,9.8,37.8,1133.0,2015.0,0.0
AquaPower,Eólica,599.0,Norte,39.3,11.4,21.1,45.7,2173.0,2015.0,1.0
Solaris,,854.0,Oeste,,10.3,24.0,87.8,2530.0,,1.0
EcoWind,Hidráulica,943.0,Este,15.5,5.4,21.1,78.3,3567.0,2005.0,
AquaPower,Hidráulica,188.0,Sur,33.7,14.7,3.0,27.6,614.0,2010.0,0.0
SunWave,Solar,560.0,Norte,29.8,13.0,17.0,,3479.0,2005.0,0.0
SunWave,Solar,917.0,Norte,24.9,7.9,4.1,22.3,1173.0,2015.0,0.0
SunWave,Solar,894.0,Este,26.7,14.8,8.7,58.5,2236.0,2015.0,0.0
SunWave,Hidráulica,308.0,Oeste,31.6,11.0,4.3,73.0,1757.0,2015.0,1.0
SunWave,Solar,722.0,Este,16.9,10.8,16.3,29.5,3582.0,2005.0,0.0
AquaPower,Hidráulica,951.0,Oeste,39.9,,18.1,43.1,2753.0,2020.0,1.0
AquaPower,Eólica,739.0,Oeste,39.2,13.1,5.5,51.8,2794.0,2015.0,0.0
,,59.0,Norte,29.5,,11.4,93.6,3305.0,2015.0,1.0
VientoVerde,Hidráulica,,Este,16.0,,13.0,99.5,3698.0,2005.0,1.0
WindStream,Eólica,,Este,,8.4,11.1,,646.0,2010.0,0.0
SolarFlow,,,Oeste,,14.3,5.7,80.9,2665.0,2010.0,1.0
SunWave,Solar,221.0,Este,10.9,7.2,,,3953.0,2020.0,1.0
Solaris,Solar,947.0,Sur,17.7,8.7,19.5,51.4,911.0,2020.0,1.0
SolarFlow,Hidráulica,62.0,Sur,23.9,,4.6,80.3,2187.0,,0.0
AquaPower,Solar,,Este,36.0,9.4,4.8,93.5,2910.0,2005.0,1.0
Solaris,Hidráulica,691.0,Este,,11.1,10.8,96.1,2032.0,2015.0,1.0
,Solar,645.0,Oeste,32.3,14.4,23.7,66.2,636.0,2020.0,1.0
Solaris,Solar,370.0,Sur,22.8,7.4,17.7,48.6,3746.0,2005.0,1.0
HydroFlux,Hidráulica,368.0,Sur,20.4,,17.9,,3860.0,2005.0,1.0
AquaPower,Solar,662.0,Norte,21.1,7.0,11.0,40.1,3505.0,2020.0,1.0
Solaris,Hidráulica,378.0,Oeste,39.6,13.9,16.1,,518.0,2010.0,
SunWave,Solar,834.0,Norte,11.2,11.5,3.2,48.7,2742.0,2010.0,1.0
EcoWind,Solar,826.0,Sur,36.0,,17.0,72.5,2877.0,,1.0
Solaris,Eólica,960.0,Oeste,27.4,13.2,23.1,39.2,2459.0,2015.0,1.0
HydroFlux,Eólica,,Este,,13.6,16.5,,2722.0,2010.0,1.0
SolarFlow,Hidráulica,599.0,Oeste,31.8,13.5,22.2,93.5,1501.0,2015.0,1.0
,Eólica,,Este,24.6,14.2,18.9,,948.0,,0.0
VientoVerde,Hidráulica,,Este,36.2,7.5,5.7,60.5,2448.0,2010.0,1.0
HydroFlux,Eólica,144.0,Oeste,37.0,12.6,22.9,37.7,1445.0,2015.0,1.0
Solaris,Solar,866.0,Este,22.7,9.6,4.5,,,2020.0,1.0
,Hidráulica,630.0,Norte,,13.4,14.7,22.9,2022.0,2010.0,1.0
EcoWind,Hidráulica,367.0,Sur,27.8,12.3,6.1,,640.0,2010.0,0.0
Solaris,Solar,285.0,Este,37.4,,3.3,89.3,3305.0,,1.0
HydroFlux,Hidráulica,995.0,Norte,16.3,11.6,12.3,42.6,2420.0,2020.0,0.0
WindStream,,383.0,Este,,,9.5,96.0,3477.0,2010.0,1.0
SunWave,Eólica,934.0,Sur,28.9,10.5,13.7,66.5,592.0,2010.0,1.0
VientoVerde,Hidráulica,425.0,Norte,32.0,,15.7,54.9,738.0,2020.0,1.0
SolarFlow,Solar,508.0,Sur,13.9,14.4,4.0,66.4,704.0,2010.0,0.0
HydroFlux,Eólica,186.0,Sur,31.5,5.4,5.7,61.3,3107.0,2020.0,1.0
AquaPower,Eólica,979.0,Norte,37.3,6.6,,80.7,1956.0,2020.0,0.0
VientoVerde,Solar,637.0,Norte,15.4,6.3,10.5,42.6,744.0,2015.0,0.0
VientoVerde,Solar,596.0,Norte,17.1,12.3,19.0,,1331.0,2005.0,0.0
VientoVerde,Eólica,562.0,Oeste,39.1,13.2,17.4,91.5,3888.0,2020.0,0.0
Solaris,,345.0,Norte,,7.1,21.6,95.7,3472.0,,1.0
SunWave,Eólica,,,35.6,10.1,18.2,,794.0,2005.0,1.0
,Solar,967.0,Norte,24.8,13.4,12.5,53.6,3187.0,2010.0,0.0
AquaPower,Eólica,621.0,Norte,17.4,12.3,17.8,82.4,1355.0,2005.0,1.0
Solaris,Solar,881.0,,36.1,10.4,9.1,58.1,3853.0,2020.0,0.0
WindStream,,398.0,Oeste,23.4,10.9,9.7,59.8,2564.0,2020.0,1.0
SunWave,,,Sur,25.4,10.1,20.4,,570.0,2020.0,1.0
SunWave,Eólica,828.0,Norte,20.8,8.0,12.8,,1792.0,2020.0,1.0
AquaPower,Eólica,,Este,27.8,10.7,20.6,34.9,1848.0,2020.0,1.0
SolarFlow,Solar,278.0,Este,,11.9,21.1,46.5,804.0,2015.0,1.0
WindStream,Solar,319.0,Este,21.7,13.7,21.9,88.4,1530.0,2020.0,0.0
HydroFlux,Solar,877.0,Sur,,11.4,23.2,36.6,1837.0,2015.0,1.0
Solaris,Eólica,847.0,Norte,17.7,12.6,12.5,25.7,1316.0,2010.0,0.0
EcoWind,,340.0,Oeste,29.7,,10.0,25.5,1626.0,2020.0,1.0
,Solar,,Oeste,19.8,9.6,15.8,95.3,1320.0,2020.0,1.0
VientoVerde,Solar,214.0,Este,33.2,5.1,11.2,60.6,692.0,2005.0,1.0
Solaris,,54.0,Sur,13.9,7.5,16.2,,2276.0,,
HydroFlux,,900.0,Sur,39.1,12.3,18.5,84.9,1028.0,2020.0,1.0
,Hidráulica,428.0,Sur,23.6,14.9,18.1,86.9,2718.0,2020.0,0.0
WindStream,Hidráulica,127.0,Oeste,17.1,6.0,,46.6,750.0,2010.0,1.0
WindStream,Solar,,Este,12.2,9.0,6.7,75.5,2288.0,2015.0,0.0
SunWave,Solar,623.0,Norte,15.1,13.0,12.5,81.7,3958.0,2020.0,0.0
AquaPower,Eólica,,Oeste,25.6,7.0,6.1,72.4,3778.0,2005.0,1.0
SolarFlow,Hidráulica,650.0,Este,20.1,10.6,22.6,32.1,3088.0,2020.0,1.0
EcoWind,Hidráulica,798.0,Este,34.9,12.3,10.6,90.1,,2005.0,0.0
,,91.0,Norte,22.9,11.2,6.4,63.1,2963.0,2005.0,
Solaris,Eólica,138.0,Norte,17.5,6.9,3.6,,3341.0,2020.0,1.0
Solaris,,451.0,Norte,28.5,8.6,17.2,54.0,1903.0,2020.0,1.0
HydroFlux,Hidráulica,345.0,Sur,31.2,12.8,17.0,23.0,1667.0,2005.0,1.0
AquaPower,,889.0,,15.0,10.5,10.5,30.2,2572.0,2010.0,0.0
WindStream,Eólica,344.0,Este,15.0,5.1,4.6,81.2,,,0.0
,,665.0,Norte,11.1,12.6,12.0,20.0,1596.0,2020.0,
,Hidráulica,575.0,Este,,5.4,9.8,,3179.0,2015.0,0.0
WindStream,Eólica,849.0,Oeste,,12.5,17.9,61.8,2347.0,,1.0
VientoVerde,Hidráulica,740.0,Sur,24.2,7.0,16.3,24.4,3664.0,2020.0,1.0
AquaPower,Solar,686.0,Oeste,35.3,14.6,11.0,,1004.0,2010.0,0.0
VientoVerde,Solar,,Oeste,34.2,8.7,,38.1,2121.0,2015.0,0.0
SolarFlow,Eólica,914.0,Este,,,,44.3,2883.0,2020.0,0.0
SunWave,Eólica,72.0,Oeste,36.0,6.5,13.0,44.3,2972.0,2015.0,1.0
SolarFlow,Eólica,624.0,Este,16.2,8.1,18.1,38.4,3046.0,,1.0
HydroFlux,Solar,192.0,Norte,13.4,13.8,6.1,20.1,1887.0,2015.0,0.0
VientoVerde,,714.0,Norte,18.1,15.0,13.7,78.3,,2010.0,0.0
HydroFlux,Solar,194.0,Este,,,3.6,97.3,3177.0,2010.0,1.0
,Hidráulica,274.0,Norte,25.9,9.5,14.1,37.9,1722.0,2015.0,1.0
SolarFlow,Solar,552.0,Sur,38.1,12.2,24.2,73.0,1217.0,2015.0,1.0
AquaPower,Hidráulica,870.0,Oeste,11.2,13.9,11.5,,3984.0,2015.0,0.0
,Solar,665.0,Sur,13.7,10.9,3.9,87.9,838.0,2020.0,0.0
EcoWind,Eólica,153.0,Oeste,23.6,8.9,3.7,53.8,1158.0,,1.0
SunWave,Solar,996.0,Norte,38.0,9.1,11.5,44.2,1461.0,2020.0,0.0
WindStream,Hidráulica,88.0,Sur,19.5,,6.5,46.0,928.0,2010.0,0.0
AquaPower,Solar,996.0,Norte,25.2,,3.5,77.0,1398.0,2005.0,1.0
AquaPower,Solar,247.0,Oeste,11.2,11.2,19.6,85.3,638.0,2020.0,0.0
HydroFlux,Solar,695.0,Este,14.5,,13.1,34.5,3489.0,2010.0,1.0
SolarFlow,Eólica,628.0,Este,39.6,12.9,9.4,49.7,1041.0,2010.0,0.0
VientoVerde,Solar,440.0,Sur,39.0,5.9,22.8,92.2,2604.0,2020.0,0.0
,Eólica,228.0,Norte,10.1,10.9,5.6,84.5,1755.0,,1.0
Solaris,Eólica,603.0,Norte,38.6,9.8,24.0,98.8,3205.0,2010.0,0.0
Solaris,Solar,497.0,Sur,29.2,11.4,9.9,80.3,2982.0,2020.0,1.0
SunWave,Solar,549.0,Este,36.0,5.6,22.5,51.5,883.0,2015.0,1.0
HydroFlux,Solar,64.0,,23.6,,16.3,67.3,3107.0,2020.0,0.0
AquaPower,Hidráulica,672.0,Sur,25.5,10.6,21.2,72.9,693.0,2020.0,1.0
VientoVerde,Solar,718.0,Oeste,,10.6,24.6,26.3,3081.0,2020.0,0.0
EcoWind,Eólica,338.0,Este,30.0,11.0,9.3,63.6,3065.0,2010.0,1.0
HydroFlux,Solar,527.0,Norte,14.2,,24.1,76.7,3263.0,2015.0,0.0
SunWave,Hidráulica,280.0,Este,10.9,13.0,11.6,33.4,3298.0,2005.0,1.0
SunWave,Solar,972.0,Sur,19.2,7.7,11.5,82.5,2732.0,2005.0,0.0
HydroFlux,Hidráulica,469.0,Norte,31.1,13.3,10.5,66.7,,2015.0,1.0
SunWave,Hidráulica,206.0,Sur,,10.0,14.9,96.2,2839.0,2015.0,1.0
HydroFlux,Solar,599.0,Sur,,5.8,6.4,23.4,3906.0,2015.0,1.0
WindStream,Eólica,490.0,Este,39.1,5.6,15.2,41.2,1231.0,2010.0,0.0
HydroFlux,Hidráulica,,Sur,,8.3,14.9,68.1,2663.0,2005.0,0.0
SolarFlow,Solar,460.0,Este,30.2,,19.8,43.7,3372.0,2015.0,1.0
HydroFlux,Solar,338.0,Norte,23.3,12.1,21.3,77.2,3620.0,2010.0,1.0
SunWave,Eólica,303.0,Este,36.0,,12.7,80.7,1184.0,2005.0,0.0
VientoVerde,,245.0,Norte,15.3,10.2,9.7,28.2,,2020.0,1.0
SolarFlow,Hidráulica,647.0,Este,30.8,9.4,8.7,61.1,3381.0,2010.0,0.0
SunWave,Solar,883.0,Oeste,35.1,6.5,7.3,60.7,,2005.0,1.0
,Solar,571.0,Oeste,38.3,8.3,4.3,49.5,3104.0,,0.0
Solaris,Eólica,566.0,Sur,30.5,9.3,10.5,94.6,2882.0,2005.0,0.0
VientoVerde,Eólica,684.0,Este,24.9,5.9,8.9,,1031.0,2005.0,1.0
VientoVerde,Hidráulica,891.0,Este,28.5,7.2,24.3,75.8,2483.0,2020.0,0.0
SolarFlow,Hidráulica,914.0,Norte,,,15.3,77.1,720.0,2010.0,1.0
WindStream,,,Sur,,12.4,10.6,56.9,1134.0,2015.0,1.0
VientoVerde,Hidráulica,,Este,10.9,15.0,15.8,93.7,2269.0,,0.0
Solaris,,958.0,Sur,,14.3,6.1,75.6,2870.0,2020.0,0.0
HydroFlux,Eólica,208.0,Oeste,30.7,11.4,12.8,78.3,,2005.0,1.0
SunWave,Solar,864.0,Este,,9.2,16.8,88.9,502.0,,0.0
,Eólica,277.0,Este,16.5,11.4,13.8,,2217.0,2010.0,1.0
,,926.0,Sur,,12.9,11.8,84.6,705.0,2015.0,1.0
WindStream,Eólica,265.0,Este,21.8,6.2,24.9,35.6,2355.0,2015.0,
SolarFlow,Eólica,997.0,Sur,,9.1,22.4,47.6,539.0,2015.0,0.0
SolarFlow,Solar,745.0,Este,13.2,13.4,16.7,46.8,2606.0,2015.0,0.0
AquaPower,Solar,64.0,,29.7,8.8,15.5,98.3,,,0.0
WindStream,,,Sur,40.0,10.7,16.7,88.5,3121.0,2005.0,0.0
HydroFlux,Eólica,697.0,Este,11.4,10.9,7.4,76.1,1143.0,2005.0,1.0
SolarFlow,Hidráulica,310.0,Oeste,,6.8,11.7,78.2,2030.0,2020.0,1.0
SunWave,Solar,206.0,Este,22.2,8.6,3.9,65.0,2407.0,2005.0,0.0
VientoVerde,Solar,96.0,Oeste,36.1,8.3,13.5,95.8,3390.0,2020.0,0.0
WindStream,Solar,373.0,Oeste,33.5,5.3,14.9,59.7,3693.0,,0.0
VientoVerde,Solar,893.0,Norte,27.0,5.2,8.0,50.4,3166.0,2010.0,1.0
Solaris,Solar,,Sur,32.2,13.3,,33.0,2643.0,,0.0
SunWave,Solar,179.0,Este,36.4,7.7,23.0,82.9,3985.0,2005.0,1.0
SunWave,Solar,460.0,Norte,22.1,10.2,18.9,78.8,3806.0,2010.0,0.0
Solaris,Eólica,144.0,Este,19.8,8.0,14.7,50.7,1397.0,2005.0,1.0
WindStream,Hidráulica,676.0,Oeste,,14.4,22.1,22.0,1585.0,2020.0,1.0
Solaris,Solar,804.0,Sur,34.2,7.6,5.9,87.1,1779.0,2005.0,0.0
VientoVerde,Eólica,981.0,Este,32.9,9.3,20.4,20.9,3108.0,2015.0,0.0
,Eólica,341.0,Este,33.9,,5.7,76.3,3452.0,2020.0,1.0
SunWave,Hidráulica,843.0,Oeste,23.1,13.4,20.5,,2895.0,2020.0,0.0
EcoWind,Solar,860.0,Este,34.5,6.9,9.1,55.0,1170.0,2010.0,1.0
EcoWind,Hidráulica,,Este,13.6,13.0,22.3,38.8,3695.0,2015.0,1.0
VientoVerde,,118.0,Oeste,,9.6,23.8,,2005.0,2020.0,1.0
HydroFlux,Eólica,709.0,Norte,10.2,,6.3,85.4,2864.0,2015.0,1.0
SolarFlow,Eólica,60.0,Oeste,19.7,,13.2,63.7,,2005.0,0.0
Solaris,Eólica,,Norte,21.0,,24.6,97.4,1571.0,2015.0,0.0
Solaris,Eólica,891.0,Sur,21.9,12.3,13.6,24.1,3980.0,2020.0,1.0
,Hidráulica,921.0,Norte,30.9,,22.0,60.4,2455.0,2010.0,0.0
HydroFlux,Solar,599.0,Norte,21.7,9.4,16.0,77.5,,,1.0
VientoVerde,Solar,183.0,Sur,23.5,12.3,11.3,,3772.0,2015.0,0.0
VientoVerde,Hidráulica,761.0,Norte,,12.7,9.3,34.3,,,0.0
HydroFlux,Solar,,Oeste,21.2,6.6,7.5,84.0,2861.0,2020.0,
SunWave,Eólica,864.0,Norte,16.8,11.1,19.8,64.2,2392.0,2015.0,0.0
VientoVerde,,395.0,Sur,12.2,6.4,11.5,,3939.0,2005.0,1.0
AquaPower,Eólica,351.0,Oeste,28.1,12.5,14.2,30.5,2353.0,2020.0,1.0
VientoVerde,Hidráulica,412.0,Sur,30.0,11.6,13.8,89.2,3354.0,2010.0,1.0
Solaris,Solar,445.0,Sur,28.6,14.6,,32.6,,2020.0,1.0
VientoVerde,Hidráulica,267.0,Este,23.9,5.7,22.0,44.8,3885.0,2005.0,1.0
SunWave,Solar,190.0,Este,21.4,5.6,24.6,43.2,3926.0,2005.0,1.0
HydroFlux,Eólica,665.0,Sur,,7.8,12.0,89.7,3032.0,2005.0,
Solaris,Hidráulica,259.0,Sur,25.6,7.6,21.2,73.8,1734.0,2005.0,1.0
VientoVerde,,672.0,Sur,24.4,7.5,19.8,83.7,543.0,2005.0,1.0
SunWave,,665.0,Este,10.8,14.1,15.6,,3118.0,2010.0,1.0
AquaPower,Hidráulica,,Este,20.2,,24.0,70.0,1082.0,2015.0,1.0
,Hidráulica,732.0,Norte,21.4,7.7,7.4,65.7,3663.0,,0.0
SunWave,Solar,509.0,Norte,22.0,12.6,5.4,86.6,1788.0,2005.0,1.0
AquaPower,Solar,405.0,Sur,27.4,9.5,21.8,92.5,,2020.0,1.0
,Solar,373.0,Oeste,26.0,12.8,12.7,21.0,719.0,2010.0,0.0
VientoVerde,Eólica,182.0,Oeste,,5.7,21.6,73.9,2425.0,2010.0,1.0
AquaPower,Solar,937.0,Este,32.9,9.9,22.6,24.1,3472.0,2015.0,1.0
Solaris,Hidráulica,,Este,,5.3,4.4,,2948.0,2010.0,1.0
HydroFlux,Hidráulica,889.0,Este,31.5,5.6,22.4,43.0,3971.0,2020.0,1.0
,Solar,176.0,Sur,38.7,14.1,12.9,44.5,3274.0,2020.0,1.0
EcoWind,Solar,155.0,Oeste,10.5,6.4,14.2,48.2,1490.0,2015.0,0.0
WindStream,Hidráulica,653.0,Norte,15.9,10.3,16.8,,3446.0,2020.0,1.0
VientoVerde,Eólica,848.0,Sur,,9.1,23.4,46.7,2312.0,2005.0,0.0
AquaPower,Solar,427.0,,,8.5,3.4,78.6,,2005.0,1.0
WindStream,,954.0,Norte,36.9,14.0,13.5,52.4,1303.0,2020.0,1.0
WindStream,Hidráulica,100.0,Sur,,5.2,18.1,25.5,,2015.0,0.0
AquaPower,Solar,78.0,Norte,37.8,11.6,18.9,82.7,2280.0,2010.0,0.0
HydroFlux,Eólica,511.0,Oeste,11.8,14.6,18.2,,1993.0,2015.0,1.0
VientoVerde,Hidráulica,345.0,Norte,38.0,10.6,6.0,54.6,3485.0,2010.0,0.0
EcoWind,Solar,346.0,Oeste,20.5,14.4,9.6,74.8,3391.0,2020.0,1.0
Solaris,Hidráulica,775.0,Oeste,13.0,5.5,10.9,46.6,2205.0,2020.0,0.0
SunWave,Solar,828.0,Oeste,,9.2,20.7,24.5,,,0.0
Solaris,Solar,,,17.7,7.6,9.1,49.9,2814.0,2010.0,1.0
SunWave,Solar,818.0,Norte,18.5,12.3,7.6,95.6,553.0,2015.0,1.0
Solaris,Eólica,863.0,Sur,19.2,14.8,24.1,71.3,3075.0,2020.0,1.0
,,662.0,Sur,34.1,,3.2,73.7,1115.0,2015.0,0.0
,Hidráulica,454.0,Norte,26.2,11.5,25.0,70.6,1582.0,2005.0,1.0
,,395.0,Este,19.3,7.0,17.9,35.9,2348.0,2010.0,1.0
SunWave,Solar,671.0,Este,28.3,10.7,21.2,,3611.0,2010.0,1.0
VientoVerde,,469.0,Oeste,31.5,9.6,9.5,80.1,3808.0,2020.0,1.0
,Solar,231.0,Norte,18.2,14.7,3.3,28.1,1454.0,2010.0,1.0
VientoVerde,Eólica,874.0,Norte,22.4,11.1,19.2,,2933.0,2020.0,1.0
SolarFlow,Solar,50.0,Sur,,,21.4,42.1,2129.0,2005.0,0.0
HydroFlux,Hidráulica,880.0,Norte,15.4,6.1,19.3,,3281.0,2010.0,1.0
Solaris,Solar,999.0,Este,30.4,6.5,6.1,98.4,3263.0,2020.0,0.0
VientoVerde,,616.0,Norte,,7.3,19.6,25.4,1149.0,,1.0
Solaris,Eólica,,Sur,,7.5,19.9,61.5,2847.0,2020.0,0.0
VientoVerde,Solar,985.0,Oeste,31.3,13.5,17.5,34.3,894.0,2010.0,1.0
SunWave,Solar,960.0,Sur,13.2,10.6,19.9,97.7,3778.0,2005.0,1.0
HydroFlux,Eólica,710.0,Sur,,10.2,21.6,,1859.0,2010.0,0.0
HydroFlux,Hidráulica,480.0,Oeste,17.7,6.1,16.5,52.3,3140.0,2010.0,0.0
AquaPower,Hidráulica,,Sur,38.9,13.6,4.9,,3061.0,2020.0,0.0
SolarFlow,Eólica,186.0,Sur,24.5,,13.7,76.4,3749.0,2015.0,1.0
AquaPower,Eólica,251.0,Norte,34.2,5.7,4.7,53.8,2943.0,2010.0,
,Eólica,485.0,Norte,26.5,12.1,12.0,,870.0,2015.0,0.0
,Eólica,362.0,Oeste,11.3,10.4,12.0,51.8,,2020.0,1.0
AquaPower,Eólica,166.0,Norte,29.0,5.8,4.5,41.1,1290.0,2015.0,0.0
AquaPower,Hidráulica,715.0,Norte,,,10.7,36.4,1157.0,2020.0,1.0
EcoWind,,986.0,Sur,,9.8,5.4,58.6,3889.0,2005.0,1.0
,Eólica,852.0,Este,,6.7,20.8,,3283.0,2015.0,0.0
AquaPower,Solar,624.0,Norte,36.5,14.5,23.8,43.0,1892.0,2015.0,1.0
VientoVerde,Eólica,293.0,Este,16.8,13.5,4.6,72.5,883.0,2005.0,0.0
HydroFlux,Solar,586.0,Norte,16.4,11.7,24.0,97.5,,2015.0,0.0
HydroFlux,Eólica,651.0,Norte,28.3,9.6,14.5,,3052.0,2005.0,0.0
WindStream,Eólica,124.0,Oeste,22.3,9.1,9.6,,738.0,2010.0,0.0
EcoWind,Hidráulica,855.0,Oeste,35.2,11.5,4.7,26.0,694.0,2020.0,1.0
AquaPower,Solar,435.0,Oeste,37.0,10.5,14.0,96.1,3225.0,2005.0,1.0
Solaris,Solar,952.0,Este,20.6,5.6,20.5,43.8,3793.0,2015.0,1.0
SunWave,Hidráulica,259.0,,17.1,,18.6,27.4,2608.0,2005.0,0.0
SolarFlow,Hidráulica,524.0,Norte,33.4,,4.1,,1652.0,2015.0,0.0
VientoVerde,Hidráulica,467.0,Norte,18.2,9.6,4.6,69.9,3537.0,2010.0,1.0
Solaris,Hidráulica,396.0,Norte,34.7,,11.9,71.9,3232.0,2005.0,1.0
EcoWind,Solar,578.0,Este,22.7,12.9,9.5,41.4,2515.0,2010.0,0.0
SunWave,Solar,689.0,Oeste,30.0,,8.1,21.2,655.0,2020.0,1.0
EcoWind,Eólica,988.0,Sur,12.9,7.6,9.2,97.2,3949.0,2015.0,1.0
VientoVerde,Eólica,925.0,Este,28.7,6.6,20.7,40.1,,2015.0,1.0
HydroFlux,Hidráulica,812.0,Oeste,23.6,,23.4,74.1,3415.0,2010.0,1.0
SunWave,Hidráulica,228.0,Este,27.6,12.6,11.9,,,,0.0
HydroFlux,Hidráulica,231.0,Sur,15.0,10.2,22.9,68.8,,2005.0,
VientoVerde,Eólica,713.0,Oeste,32.1,7.0,,45.0,,2005.0,1.0
Solaris,Eólica,74.0,Este,35.9,13.8,13.5,41.7,1474.0,2015.0,0.0
,Eólica,229.0,Sur,16.5,13.8,8.0,67.8,1730.0,2010.0,1.0
Solaris,Eólica,759.0,Norte,,13.7,17.1,89.3,2935.0,2010.0,1.0
SunWave,Eólica,550.0,Sur,10.7,7.4,24.5,95.7,,2005.0,0.0
SunWave,,905.0,Norte,,9.5,16.3,28.5,3434.0,2020.0,1.0
,Eólica,210.0,Este,28.2,14.8,10.9,32.4,1337.0,2020.0,0.0
EcoWind,Hidráulica,226.0,Oeste,26.4,,17.3,,2507.0,2005.0,1.0
AquaPower,Hidráulica,334.0,Oeste,17.0,5.3,5.7,78.9,1863.0,2005.0,1.0
EcoWind,Hidráulica,112.0,Este,21.7,5.7,22.6,90.6,2887.0,2010.0,1.0
AquaPower,Hidráulica,711.0,Oeste,27.8,9.6,14.1,36.2,703.0,2020.0,1.0
HydroFlux,,715.0,Oeste,,14.1,12.9,67.0,660.0,,1.0
SunWave,Solar,205.0,Norte,,10.4,15.9,,891.0,2005.0,1.0
Solaris,Eólica,931.0,Este,,10.0,16.7,74.4,1268.0,,1.0
,Solar,518.0,Sur,30.9,,4.6,52.7,3122.0,2005.0,0.0
VientoVerde,Hidráulica,98.0,Norte,22.1,11.6,18.0,21.2,3081.0,2005.0,0.0
EcoWind,Eólica,898.0,Este,22.8,13.2,8.3,66.6,1593.0,2020.0,0.0
,Hidráulica,133.0,Norte,31.5,8.8,18.7,40.2,3440.0,2010.0,0.0
AquaPower,Eólica,410.0,Sur,,12.8,21.1,56.0,904.0,2020.0,1.0
EcoWind,Hidráulica,738.0,Sur,,14.6,20.7,96.6,,2010.0,1.0
SolarFlow,Solar,,Este,13.9,7.0,15.2,51.9,2114.0,2015.0,1.0
HydroFlux,,679.0,Sur,,10.2,,87.2,2040.0,2005.0,0.0
SunWave,Solar,391.0,Norte,31.7,7.9,6.1,35.1,3375.0,2015.0,1.0
Solaris,Eólica,525.0,Sur,27.4,,20.1,,3691.0,2010.0,0.0
SunWave,Solar,112.0,Norte,18.2,10.8,9.0,98.2,2337.0,2020.0,1.0
